{
    "format_version": "1.16.100",
    "minecraft:item": {
        "description": {
            "identifier": "yanasakana:BIOME_shovel",
            "category": "Equipment"
        },
        "components": {
            "tag:minecraft:iron_tier": {},
            "tag:minecraft:is_shovel": {},
            "minecraft:max_stack_size": 1,
            "minecraft:damage": DAMAGE,
            "minecraft:hand_equipped": true,
            "minecraft:weapon": {
                "on_hurt_entity": {
                    "event": "updateDurability"
                }
            },
            "minecraft:creative_category": {
                "parent": "itemGroup.name.shovel"
            },
            "minecraft:icon": {
                "frame": 3,
                "texture": "tools.BIOME"
            },
            "minecraft:durability": {
                "max_durability": DURABILITY
            },
            "minecraft:enchantable": {
                "value": ENCHANT,
                "slot": "shovel"
            },
            "minecraft:repairable": {
                "repair_items": [
                    {
                        "items": [
                            "yanasakana:BIOME"
                        ],
                        "repair_amount": 256
                    }
                ]
            },
            "minecraft:digger": {
                "use_efficiency": true,
                "destroy_speeds": [
                    {
                        "block": {
                            "tags": "query.any_tag( 'snow', 'grass', 'dirt', 'sand', 'gravel' )"
                        },
                        "speed": 7
                    },
                    {
                        "block": "minecraft:clay",
                        "speed": 7
                    },
                    {
                        "block": "minecraft:soul_sand",
                        "speed": 7
                    },
                    {
                        "block": "minecraft:soul_soil",
                        "speed": 7
                    },
                    {
                        "block": "minecraft:concretepowder",
                        "speed": 7
                    },
                    {
                        "block": "minecraft:farmland",
                        "speed": 7
                    },
                    {
                        "block": "minecraft:mycelium",
                        "speed": 7
                    },
                    {
                        "block": "minecraft:podzol",
                        "speed": 7
                    },
                    {
                        "block": "minecraft:grass_path",
                        "speed": 7
                    },
                    {
                        "block": "minecraft:grass_path",
                        "speed": 7
                    }
                ],
                "on_dig": {
                    "event": "updateDurability",
                    "target": "self"
                }
            }
        },
        "events": {
            "updateDurability": {
                "damage": {
                    "type": "durability",
                    "amount": 1,
                    "target": "self"
                }
            },
            "on_tool_used": {
                "trigger": {
                    "event": "updateDurability"
                },
                "swing": {},
                "run_command": {
                    "command": [
                        "playsound use.grass @a[r=10] ~ ~ ~ 0.77367 0.74 0"
                    ],
                    "target": "block"
                }
            }
        }
    }
}