{
    "format_version": "1.16.100",
    "minecraft:item": {
        "description": {
            "identifier": "yanasakana:BIOME_axe",
            "category": "Equipment"
        },
        "components": {
            "tag:minecraft:iron_tier": {},
            "tag:minecraft:is_axe": {},
            "minecraft:max_stack_size": 1,
            "minecraft:damage": DAMAGE,
            "minecraft:hand_equipped": true,
            "minecraft:weapon": {
                "on_hurt_entity": {
                    "event": "updateDurability"
                }
            },
            "minecraft:creative_category": {
                "parent": "itemGroup.name.axe"
            },
            "minecraft:icon": {
                "frame": 2,
                "texture": "tools.BIOME"
            },
            "minecraft:durability": {
                "max_durability": DURABILITY
            },
            "minecraft:enchantable": {
                "value": ENCHANT,
                "slot": "axe"
            },
            "minecraft:repairable": {
                "repair_items": [
                    {
                        "items": [
                            "yanasakana:BIOME"
                        ],
                        "repair_amount": 256
                    }
                ]
            },
            "minecraft:digger": {
                "use_efficiency": true,
                "destroy_speeds": [
                    {
                        "block": {
                            "tags": "query.any_tag( 'wood', 'pumpkin', 'log' )"
                        },
                        "speed": 7
                    },
                    {
                        "block": "minecraft:chest",
                        "speed": 7
                    },
                    {
                        "block": "minecraft:trapped_chest",
                        "speed": 7
                    },
                    {
                        "block": "minecraft:lectern",
                        "speed": 7
                    },
                    {
                        "block": "minecraft:crafting_table",
                        "speed": 7
                    },
                    {
                        "block": "minecraft:smithing_table",
                        "speed": 7
                    },
                    {
                        "block": "minecraft:loom",
                        "speed": 7
                    },
                    {
                        "block": "minecraft:cartography_table",
                        "speed": 7
                    },
                    {
                        "block": "minecraft:fletching_table",
                        "speed": 7
                    },
                    {
                        "block": "minecraft:barrel",
                        "speed": 7
                    },
                    {
                        "block": "minecraft:fence",
                        "speed": 7
                    },
                    {
                        "block": "minecraft:fence_gate",
                        "speed": 7
                    },
                    {
                        "block": "minecraft:jukebox",
                        "speed": 7
                    },
                    {
                        "block": "minecraft:log",
                        "speed": 7
                    },
                    {
                        "block": "minecraft:log2",
                        "speed": 7
                    },
                    {
                        "block": "minecraft:planks",
                        "speed": 7
                    },
                    {
                        "block": "minecraft:crimson_planks",
                        "speed": 7
                    },
                    {
                        "block": "minecraft:warped_planks",
                        "speed": 7
                    },
                    {
                        "block": "minecraft:campfire",
                        "speed": 7
                    },
                    {
                        "block": "minecraft:soul_campfire",
                        "speed": 7
                    },
                    {
                        "block": "minecraft:bookshelf",
                        "speed": 7
                    },
                    {
                        "block": "minecraft:standing_banner",
                        "speed": 7
                    },
                    {
                        "block": "minecraft:wall_banner",
                        "speed": 7
                    },
                    {
                        "block": "minecraft:lit_pumpkin",
                        "speed": 7
                    },
                    {
                        "block": "minecraft:melon_block",
                        "speed": 7
                    },
                    {
                        "block": "minecraft:pumpkin",
                        "speed": 7
                    },
                    {
                        "block": "minecraft:noteblock",
                        "speed": 7
                    },
                    {
                        "block": "minecraft:wooden_pressure_plate",
                        "speed": 7
                    },
                    {
                        "block": "minecraft:beehive",
                        "speed": 7
                    },
                    {
                        "block": "minecraft:ladder",
                        "speed": 7
                    },
                    {
                        "block": "minecraft:bee_nest",
                        "speed": 7
                    },
                    {
                        "block": "minecraft:composter",
                        "speed": 7
                    },
                    {
                        "block": "minecraft:bamboo",
                        "speed": 7
                    },
                    {
                        "block": "minecraft:bed",
                        "speed": 7
                    },
                    {
                        "block": "minecraft:daylight_detector",
                        "speed": 7
                    },
                    {
                        "block": "minecraft:cocoa",
                        "speed": 7
                    },
                    {
                        "block": "minecraft:brown_mushroom_block",
                        "speed": 7
                    },
                    {
                        "block": "minecraft:red_mushroom_block",
                        "speed": 7
                    },
                    {
                        "block": "minecraft:vine",
                        "speed": 7
                    }
                ],
                "on_dig": {
                    "event": "updateDurability",
                    "target": "self"
                }
            }
        },
        "events": {
            "updateDurability": {
                "damage": {
                    "type": "durability",
                    "amount": 1,
                    "target": "self"
                }
            },
            "on_tool_used": {
                "trigger": {
                    "event": "updateDurability"
                },
                "swing": {},
                "run_command": {
                    "command": [
                        "playsound use.wood @a[r=10] ~ ~ ~ 0.77367 0.74 0"
                    ],
                    "target": "block"
                }
            }
        }
    }
}