{
    "format_version": "1.16.100",
    "minecraft:item": {
        "description": {
            "identifier": "yanasakana:BIOME_sword",
            "category": "Equipment"
        },
        "components": {
            "tag:minecraft:iron_tier": {},
            "tag:minecraft:is_sword": {},
            "minecraft:max_stack_size": 1,
            "minecraft:damage": DAMAGE,
            "minecraft:hand_equipped": true,
            "minecraft:weapon": {
                "on_hurt_entity": {
                    "event": "updateDurability"
                }
            },
            "minecraft:creative_category": {
                "parent": "itemGroup.name.sword"
            },
            "minecraft:icon": {
                "frame": 0,
                "texture": "tools.BIOME"
            },
            "minecraft:durability": {
                "max_durability": DURABILITY
            },
            "minecraft:enchantable": {
                "value": ENCHANT,
                "slot": "sword"
            },
            "minecraft:repairable": {
                "repair_items": [
                    {
                        "items": [
                            "yanasakana:BIOME"
                        ],
                        "repair_amount": 256
                    }
                ]
            },
            "minecraft:digger": {
                "use_efficiency": true,
                "destroy_speeds": [
                    {
                        "block": "minecraft:bamboo",
                        "speed": 7
                    },
                    {
                        "block": "minecraft:web",
                        "speed": 7
                    }
                ],
                "on_dig": {
                    "event": "updateDurability",
                    "target": "self"
                }
            }
        },
        "events": {
            "updateDurability": {
                "damage": {
                    "type": "durability",
                    "amount": 1,
                    "target": "self"
                }
            }
        }
    }
}