{
    "format_version": "1.16.100",
    "minecraft:item": {
        "description": {
            "identifier": "yanasakana:BIOME_hoe",
            "category": "Equipment"
        },
        "components": {
            "tag:minecraft:iron_tier": {},
            "tag:minecraft:is_hoe": {},
            "minecraft:max_stack_size": 1,
            "minecraft:damage": DAMAGE,
            "minecraft:hand_equipped": true,
            "minecraft:weapon": {
                "on_hurt_entity": {
                    "event": "updateDurability"
                }
            },
            "minecraft:creative_category": {
                "parent": "itemGroup.name.hoe"
            },
            "minecraft:icon": {
                "frame": 4,
                "texture": "tools.BIOME"
            },
            "minecraft:durability": {
                "max_durability": DURABILITY
            },
            "minecraft:enchantable": {
                "value": ENCHANT,
                "slot": "hoe"
            },
            "minecraft:repairable": {
                "repair_items": [
                    {
                        "items": [
                            "yanasakana:BIOME"
                        ],
                        "repair_amount": 256
                    }
                ]
            },
            "minecraft:digger": {
                "use_efficiency": true,
                "destroy_speeds": [
                    {
                        "block": "minecraft:sculk_sensor",
                        "speed": 7
                    },
                    {
                        "block": "minecraft:moss_block",
                        "speed": 7
                    },
                    {
                        "block": "minecraft:nether_wart_block",
                        "speed": 7
                    },
                    {
                        "block": "minecraft:warped_wart_block",
                        "speed": 7
                    },
                    {
                        "block": "minecraft:shroomlight",
                        "speed": 7
                    },
                    {
                        "block": "minecraft:hay_block",
                        "speed": 7
                    },
                    {
                        "block": "minecraft:target",
                        "speed": 7
                    },
                    {
                        "block": "minecraft:dried_kelp_block",
                        "speed": 7
                    },
                    {
                        "block": "minecraft:sponge",
                        "speed": 7
                    },
                    {
                        "block": "minecraft:leaves",
                        "speed": 7
                    },
                    {
                        "block": "minecraft:leaves2",
                        "speed": 7
                    }
                ],
                "on_dig": {
                    "event": "updateDurability",
                    "target": "self"
                }
            }
        },
        "events": {
            "updateDurability": {
                "damage": {
                    "type": "durability",
                    "amount": 1,
                    "target": "self"
                }
            },
            "on_tool_used": {
                "trigger": {
                    "event": "updateDurability"
                },
                "swing": {},
                "run_command": {
                    "command": [
                        "playsound use.gravel @a[r=10] ~ ~ ~ 0.77367 0.74 0"
                    ],
                    "target": "block"
                }
            }
        }
    }
}