{
  "default_toolAxe_statistics": {
    "durability": {
      "Wood": 59,
      "Stone": 131,
      "Iron": 250,
      "Golden": 32,
      "Diamond": 1561,
      "Netherite": 2031
    },
    "damage": {
      "Wood": 3,
      "Stone": 4,
      "Iron": 5,
      "Golden": 3,
      "Diamond": 6,
      "Netherite": 7
    },
    "enchantability": {
      "Wood": 15,
      "Stone": 5,
      "Iron": 14,
      "Golden": 22,
      "Diamond": 10,
      "Netherite": 15
    },
    "speeds": {
      "Wood": 2,
      "Stone": 4,
      "Iron": 6,
      "Golden": 12,
      "Diamond": 8,
      "Netherite": 9
    }
  }
}



  {
    "block": {
      "tags": "q.any_tag('dirt', 'sand', 'gravel', 'grass', 'snow')"
    },
    "speed": 2,
    "on_dig": {
      "event": "break"
    }
  }
